StudyHours,Attendance,ActualMathScore,PredictedMathScore
3.5,92,77,76.52016036222707
5.2,97,84,85.68283457631313
2.8,89,70,72.1558743055958
5.1,97,86,85.32867255386927
4.8,97,80,84.26618648653769
3.8,93,75,78.21103039606675
5.7,97,88,87.4536446885324
0.5,82,60,59.61146002383044
